drop table if exists t1;
create table t1 (n int not null primary key) engine=sequoiadb;
begin work;
insert into t1 values (4);
insert into t1 values (5);
rollback;
show warnings;
Level	Code	Message
show errors;
Level	Code	Message
select @@warning_count,@@error_count;
@@warning_count	@@error_count
0	0
select * from t1;
n
show warnings;
Level	Code	Message
select @@warning_count;
@@warning_count
0
drop table t1;
